{"cameraMode":{"drawMode":0,"name":"Shaded","section":"Shading Mode"},"sceneLighting":false,"audioPlay":false,"sceneViewState":{"showFog":true,"showMaterialUpdate":true,"showSkybox":true,"showFlares":true,"showImageEffects":true,"showParticleSystems":true},"in2DMode":false,"pivot":{"x":-15.646329879760743,"y":1.900587558746338,"z":-57.042415618896487},"rotation":{"x":-0.15317252278327943,"y":-0.8322750329971314,"z":0.28234168887138369,"w":-0.4518980085849762},"size":2.0164434909820558,"orthographic":false}