{"cameraMode":{"drawMode":0,"name":"Shaded","section":"Shading Mode"},"sceneLighting":false,"audioPlay":false,"sceneViewState":{"showFog":true,"showMaterialUpdate":true,"showSkybox":false,"showFlares":true,"showImageEffects":true,"showParticleSystems":true},"in2DMode":false,"pivot":{"x":4.481142997741699,"y":3.233342170715332,"z":4.878275394439697},"rotation":{"x":-0.19117876887321473,"y":-0.3926875591278076,"z":0.08389953523874283,"w":-0.8957484364509583},"size":2.70739483833313,"orthographic":false}