{"cameraMode":{"drawMode":0,"name":"Shaded","section":"Shading Mode"},"sceneLighting":false,"audioPlay":false,"sceneViewState":{"showFog":true,"showMaterialUpdate":true,"showSkybox":false,"showFlares":true,"showImageEffects":true,"showParticleSystems":true},"in2DMode":false,"pivot":{"x":48.08887481689453,"y":11.274174690246582,"z":-70.96430969238281},"rotation":{"x":0.06152848154306412,"y":0.9141479730606079,"z":-0.15165653824806214,"w":0.37094295024871828},"size":4.143587589263916,"orthographic":false}