{"cameraMode":{"drawMode":0,"name":"Shaded","section":"Shading Mode"},"sceneLighting":false,"audioPlay":false,"sceneViewState":{"showFog":true,"showMaterialUpdate":true,"showSkybox":false,"showFlares":true,"showImageEffects":true,"showParticleSystems":true},"in2DMode":false,"pivot":{"x":11.345915794372559,"y":4.156104564666748,"z":-15.347040176391602},"rotation":{"x":-0.15198037028312684,"y":-0.32068631052970889,"z":0.0522187240421772,"w":-0.9334731101989746},"size":0.6147736310958862,"orthographic":false}