{"cameraMode":{"drawMode":0,"name":"Shaded","section":"Shading Mode"},"sceneLighting":false,"audioPlay":false,"sceneViewState":{"showFog":true,"showMaterialUpdate":true,"showSkybox":false,"showFlares":true,"showImageEffects":true,"showParticleSystems":true},"in2DMode":false,"pivot":{"x":6.056897163391113,"y":4.7498273849487309,"z":7.404352188110352},"rotation":{"x":-0.15618596971035005,"y":0.39501288533210757,"z":-0.06832272559404373,"w":-0.9027383327484131},"size":2.825326681137085,"orthographic":false}