{"cameraMode":{"drawMode":0,"name":"Shaded","section":"Shading Mode"},"sceneLighting":false,"audioPlay":false,"sceneViewState":{"showFog":true,"showMaterialUpdate":true,"showSkybox":false,"showFlares":true,"showImageEffects":true,"showParticleSystems":true},"in2DMode":false,"pivot":{"x":674.5682373046875,"y":-20.616779327392579,"z":33.091094970703128},"rotation":{"x":-0.044246699661016467,"y":0.1365606039762497,"z":0.006184798665344715,"w":0.9896469116210938},"size":204.54226684570313,"orthographic":false}