{"cameraMode":{"drawMode":0,"name":"Shaded","section":"Shading Mode"},"sceneLighting":false,"audioPlay":false,"sceneViewState":{"showFog":true,"showMaterialUpdate":true,"showSkybox":false,"showFlares":true,"showImageEffects":true,"showParticleSystems":true},"in2DMode":false,"pivot":{"x":16.35555076599121,"y":3.9616425037384035,"z":-17.143802642822267},"rotation":{"x":0.0035006592515856029,"y":0.4366080164909363,"z":-0.0017146843019872904,"w":0.8996702432632446},"size":1.4708025455474854,"orthographic":false}