{"cameraMode":{"drawMode":0,"name":"Shaded","section":"Shading Mode"},"sceneLighting":false,"audioPlay":false,"sceneViewState":{"showFog":true,"showMaterialUpdate":true,"showSkybox":false,"showFlares":true,"showImageEffects":true,"showParticleSystems":true},"in2DMode":false,"pivot":{"x":0.8972939252853394,"y":0.4994097948074341,"z":-0.576824426651001},"rotation":{"x":0.1931903213262558,"y":-0.07585930079221726,"z":0.014979195781052113,"w":0.9781301021575928},"size":0.14484387636184693,"orthographic":false}