{"cameraMode":{"drawMode":0,"name":"Shaded","section":"Shading Mode"},"sceneLighting":false,"audioPlay":false,"sceneViewState":{"showFog":true,"showMaterialUpdate":true,"showSkybox":false,"showFlares":true,"showImageEffects":true,"showParticleSystems":true},"in2DMode":false,"pivot":{"x":5.889047145843506,"y":4.082863807678223,"z":-5.640470027923584},"rotation":{"x":0.04640127718448639,"y":0.511468231678009,"z":-0.027598129585385324,"w":0.8578519821166992},"size":3.913119077682495,"orthographic":false}