{"cameraMode":{"drawMode":0,"name":"Shaded","section":"Shading Mode"},"sceneLighting":false,"audioPlay":false,"sceneViewState":{"showFog":true,"showMaterialUpdate":true,"showSkybox":false,"showFlares":true,"showImageEffects":true,"showParticleSystems":true},"in2DMode":false,"pivot":{"x":-0.40479955077171328,"y":0.17937567830085755,"z":0.2784402668476105},"rotation":{"x":-0.0927140861749649,"y":-0.8741992712020874,"z":0.18441246449947358,"w":-0.4395507276058197},"size":0.000017319833204965107,"orthographic":false}