{"cameraMode":{"drawMode":0,"name":"Shaded","section":"Shading Mode"},"sceneLighting":false,"audioPlay":false,"sceneViewState":{"showFog":true,"showMaterialUpdate":true,"showSkybox":false,"showFlares":true,"showImageEffects":true,"showParticleSystems":true},"in2DMode":false,"pivot":{"x":15.747196197509766,"y":2.860116720199585,"z":-27.266061782836915},"rotation":{"x":-0.08366246521472931,"y":-0.5600349307060242,"z":0.05698501691222191,"w":-0.8222830891609192},"size":0.6020624041557312,"orthographic":false}