{"cameraMode":{"drawMode":0,"name":"Shaded","section":"Shading Mode"},"sceneLighting":false,"audioPlay":false,"sceneViewState":{"showFog":true,"showMaterialUpdate":true,"showSkybox":false,"showFlares":true,"showImageEffects":true,"showParticleSystems":true},"in2DMode":false,"pivot":{"x":26.035184860229493,"y":0.7848355174064636,"z":-30.293214797973634},"rotation":{"x":0.01590622030198574,"y":-0.9830432534217835,"z":0.15008127689361573,"w":0.10418914258480072},"size":2.9934380054473879,"orthographic":false}