{"cameraMode":{"drawMode":0,"name":"Shaded","section":"Shading Mode"},"sceneLighting":false,"audioPlay":false,"sceneViewState":{"showFog":true,"showMaterialUpdate":true,"showSkybox":false,"showFlares":true,"showImageEffects":true,"showParticleSystems":true},"in2DMode":false,"pivot":{"x":0.5273422002792358,"y":0.8135056495666504,"z":-0.8654335141181946},"rotation":{"x":0.16807572543621064,"y":-0.5379798412322998,"z":0.1104561984539032,"w":0.8186306357383728},"size":0.12410636991262436,"orthographic":false}