{"cameraMode":{"drawMode":0,"name":"Shaded","section":"Shading Mode"},"sceneLighting":true,"audioPlay":false,"sceneViewState":{"showFog":true,"showMaterialUpdate":false,"showSkybox":true,"showFlares":true,"showImageEffects":true,"showParticleSystems":true},"in2DMode":false,"pivot":{"x":1.702910304069519,"y":0.1079414114356041,"z":1.058203101158142},"rotation":{"x":-0.16268238425254823,"y":0.39774924516677859,"z":-0.07188918441534043,"w":-0.900090754032135},"size":7.186248779296875,"orthographic":false}