{"cameraMode":{"drawMode":0,"name":"Shaded","section":"Shading Mode"},"sceneLighting":false,"audioPlay":false,"sceneViewState":{"showFog":true,"showMaterialUpdate":false,"showSkybox":false,"showFlares":true,"showImageEffects":true,"showParticleSystems":true},"in2DMode":false,"pivot":{"x":-8.050980567932129,"y":3.498633623123169,"z":-52.736419677734378},"rotation":{"x":-0.04037541151046753,"y":-0.6966345906257629,"z":0.039335910230875018,"w":-0.7152382135391235},"size":0.5436040163040161,"orthographic":false}