{"cameraMode":{"drawMode":0,"name":"Shaded","section":"Shading Mode"},"sceneLighting":false,"audioPlay":false,"sceneViewState":{"showFog":true,"showMaterialUpdate":false,"showSkybox":false,"showFlares":true,"showImageEffects":true,"showParticleSystems":true},"in2DMode":false,"pivot":{"x":9.857000350952149,"y":1.2599126100540162,"z":-24.757497787475587},"rotation":{"x":0.1424129158258438,"y":0.7703348994255066,"z":-0.1848377287387848,"w":0.5934653282165527},"size":0.548332691192627,"orthographic":false}