{"cameraMode":{"drawMode":0,"name":"Shaded","section":"Shading Mode"},"sceneLighting":true,"audioPlay":false,"sceneViewState":{"showFog":true,"showMaterialUpdate":false,"showSkybox":true,"showFlares":true,"showImageEffects":true,"showParticleSystems":true},"in2DMode":false,"pivot":{"x":17.52159881591797,"y":5.124668598175049,"z":-4.474684715270996},"rotation":{"x":0.1608072817325592,"y":0.09753455966711045,"z":-0.015970353037118913,"w":0.9820275902748108},"size":3.243732213973999,"orthographic":false}