{"cameraMode":{"drawMode":0,"name":"Shaded","section":"Shading Mode"},"sceneLighting":true,"audioPlay":false,"sceneViewState":{"showFog":true,"showMaterialUpdate":false,"showSkybox":true,"showFlares":true,"showImageEffects":true,"showParticleSystems":true},"in2DMode":false,"pivot":{"x":2.3753676414489748,"y":3.1056809425354006,"z":-27.204235076904298},"rotation":{"x":-0.019306065514683725,"y":0.9740118384361267,"z":-0.20673762261867524,"w":-0.09222181141376496},"size":4.87116813659668,"orthographic":false}