{"cameraMode":{"drawMode":0,"name":"Shaded","section":"Shading Mode"},"sceneLighting":false,"audioPlay":false,"sceneViewState":{"showFog":true,"showMaterialUpdate":false,"showSkybox":false,"showFlares":true,"showImageEffects":true,"showParticleSystems":true},"in2DMode":false,"pivot":{"x":5.311999797821045,"y":2.1546192169189455,"z":-18.527130126953126},"rotation":{"x":0.018456365913152696,"y":0.9770816564559937,"z":-0.18993274867534638,"w":0.09463862329721451},"size":10.0,"orthographic":false}