{"cameraMode":{"drawMode":0,"name":"Shaded","section":"Shading Mode"},"sceneLighting":false,"audioPlay":false,"sceneViewState":{"showFog":true,"showMaterialUpdate":false,"showSkybox":false,"showFlares":true,"showImageEffects":true,"showParticleSystems":true},"in2DMode":false,"pivot":{"x":27.53165626525879,"y":-10.623274803161621,"z":-10.460857391357422},"rotation":{"x":0.016863908618688585,"y":-0.5560646057128906,"z":0.011477327905595303,"w":0.8309634327888489},"size":7.080989837646484,"orthographic":false}