{"cameraMode":{"drawMode":0,"name":"Shaded","section":"Shading Mode"},"sceneLighting":false,"audioPlay":false,"sceneViewState":{"showFog":true,"showMaterialUpdate":false,"showSkybox":false,"showFlares":true,"showImageEffects":true,"showParticleSystems":true},"in2DMode":false,"pivot":{"x":12.0649995803833,"y":3.883753776550293,"z":-14.755000114440918},"rotation":{"x":-0.07626347988843918,"y":-0.20486463606357575,"z":0.016000188887119294,"w":-0.9757139682769775},"size":0.6147736310958862,"orthographic":false}