{"cameraMode":{"drawMode":0,"name":"Shaded","section":"Shading Mode"},"sceneLighting":true,"audioPlay":false,"sceneViewState":{"showFog":true,"showMaterialUpdate":false,"showSkybox":true,"showFlares":true,"showImageEffects":true,"showParticleSystems":true},"in2DMode":false,"pivot":{"x":-25.535520553588868,"y":4.383866786956787,"z":-64.88207244873047},"rotation":{"x":-0.025899063795804979,"y":-0.6996230483055115,"z":-0.025409379974007608,"w":0.7136185765266419},"size":2.248444080352783,"orthographic":false}