{"cameraMode":{"drawMode":0,"name":"Shaded","section":"Shading Mode"},"sceneLighting":false,"audioPlay":false,"sceneViewState":{"showFog":true,"showMaterialUpdate":false,"showSkybox":false,"showFlares":true,"showImageEffects":true,"showParticleSystems":true},"in2DMode":false,"pivot":{"x":-4.66626501083374,"y":10.01707649230957,"z":5.00156831741333},"rotation":{"x":-0.12221194058656693,"y":0.5328921675682068,"z":-0.07808494567871094,"w":-0.8339623808860779},"size":4.466025352478027,"orthographic":false}