{"cameraMode":{"drawMode":0,"name":"Shaded","section":"Shading Mode"},"sceneLighting":false,"audioPlay":false,"sceneViewState":{"showFog":true,"showMaterialUpdate":false,"showSkybox":false,"showFlares":true,"showImageEffects":true,"showParticleSystems":true},"in2DMode":false,"pivot":{"x":4.940570831298828,"y":21.294883728027345,"z":-6.358198642730713},"rotation":{"x":0.22868123650550843,"y":0.04729323834180832,"z":-0.0111232940107584,"w":0.9722880721092224},"size":1.0746729373931885,"orthographic":false}