{"cameraMode":{"drawMode":0,"name":"Shaded","section":"Shading Mode"},"sceneLighting":false,"audioPlay":false,"sceneViewState":{"showFog":true,"showMaterialUpdate":false,"showSkybox":false,"showFlares":true,"showImageEffects":true,"showParticleSystems":true},"in2DMode":false,"pivot":{"x":-0.20336291193962098,"y":-0.3784842789173126,"z":-0.18962062895298005},"rotation":{"x":0.28148946166038515,"y":-0.6909879446029663,"z":0.5725032091140747,"w":0.34007519483566286},"size":0.2931586802005768,"orthographic":false}