{"cameraMode":{"drawMode":0,"name":"Shaded","section":"Shading Mode"},"sceneLighting":false,"audioPlay":false,"sceneViewState":{"showFog":true,"showMaterialUpdate":false,"showSkybox":false,"showFlares":true,"showImageEffects":true,"showParticleSystems":true},"in2DMode":false,"pivot":{"x":-2.869128465652466,"y":-0.490140438079834,"z":-1.1611257791519166},"rotation":{"x":0.048372626304626468,"y":-0.8275836110115051,"z":0.07218068838119507,"w":0.5545893907546997},"size":1.639000415802002,"orthographic":false}