{"cameraMode":{"drawMode":0,"name":"Shaded","section":"Shading Mode"},"sceneLighting":false,"audioPlay":false,"sceneViewState":{"showFog":true,"showMaterialUpdate":false,"showSkybox":false,"showFlares":true,"showImageEffects":true,"showParticleSystems":true},"in2DMode":false,"pivot":{"x":-8.387341499328614,"y":0.09940651804208756,"z":-18.132171630859376},"rotation":{"x":-0.28637954592704775,"y":0.41481924057006838,"z":-0.1392740160226822,"w":-0.8526696562767029},"size":3.091709852218628,"orthographic":false}