{"cameraMode":{"drawMode":0,"name":"Shaded","section":"Shading Mode"},"sceneLighting":false,"audioPlay":false,"sceneViewState":{"showFog":true,"showMaterialUpdate":false,"showSkybox":false,"showFlares":true,"showImageEffects":true,"showParticleSystems":true},"in2DMode":false,"pivot":{"x":16.061321258544923,"y":3.034846305847168,"z":-27.41537094116211},"rotation":{"x":0.032666705548763278,"y":0.7679861187934876,"z":-0.03914140537381172,"w":0.6385208964347839},"size":0.6020624041557312,"orthographic":false}