{"cameraMode":{"drawMode":0,"name":"Shaded","section":"Shading Mode"},"sceneLighting":false,"audioPlay":false,"sceneViewState":{"showFog":true,"showMaterialUpdate":false,"showSkybox":false,"showFlares":true,"showImageEffects":true,"showParticleSystems":true},"in2DMode":false,"pivot":{"x":-0.7581554651260376,"y":0.10617765784263611,"z":-0.3543170690536499},"rotation":{"x":0.1316627860069275,"y":0.6242863535881043,"z":-0.10780587047338486,"w":0.7624372243881226},"size":0.022833526134490968,"orthographic":false}