{"cameraMode":{"drawMode":0,"name":"Shaded","section":"Shading Mode"},"sceneLighting":false,"audioPlay":false,"sceneViewState":{"showFog":true,"showMaterialUpdate":false,"showSkybox":false,"showFlares":true,"showImageEffects":true,"showParticleSystems":true},"in2DMode":false,"pivot":{"x":27.366533279418947,"y":3.1842775344848635,"z":-18.23719596862793},"rotation":{"x":0.11558662354946137,"y":0.6374253630638123,"z":-0.09751879423856735,"w":0.755537748336792},"size":0.14849284291267396,"orthographic":false}