{"cameraMode":{"drawMode":0,"name":"Shaded","section":"Shading Mode"},"sceneLighting":false,"audioPlay":false,"sceneViewState":{"showFog":true,"showMaterialUpdate":false,"showSkybox":false,"showFlares":true,"showImageEffects":true,"showParticleSystems":true},"in2DMode":false,"pivot":{"x":5.9704999923706059,"y":2.044515609741211,"z":-0.6313760280609131},"rotation":{"x":-0.6305264830589294,"y":0.2722999155521393,"z":-0.25202473998069765,"w":-0.6818099021911621},"size":0.03464098274707794,"orthographic":false}