{"cameraMode":{"drawMode":0,"name":"Shaded","section":"Shading Mode"},"sceneLighting":true,"audioPlay":false,"sceneViewState":{"showFog":true,"showMaterialUpdate":false,"showSkybox":true,"showFlares":true,"showImageEffects":true,"showParticleSystems":true},"in2DMode":false,"pivot":{"x":-25.47938346862793,"y":-1.6560341119766236,"z":-46.24577331542969},"rotation":{"x":-0.1407673954963684,"y":0.031703777611255649,"z":-0.004888015333563089,"w":-0.9896093606948853},"size":10.0,"orthographic":false}