{"cameraMode":{"drawMode":0,"name":"Shaded","section":"Shading Mode"},"sceneLighting":false,"audioPlay":false,"sceneViewState":{"showFog":true,"showMaterialUpdate":false,"showSkybox":false,"showFlares":true,"showImageEffects":true,"showParticleSystems":true},"in2DMode":false,"pivot":{"x":-2.960287570953369,"y":4.777932167053223,"z":-4.7334065437316898},"rotation":{"x":-0.05213223770260811,"y":0.535319447517395,"z":-0.0331328846514225,"w":-0.842392086982727},"size":3.913119077682495,"orthographic":false}