{"cameraMode":{"drawMode":0,"name":"Shaded","section":"Shading Mode"},"sceneLighting":false,"audioPlay":false,"sceneViewState":{"showFog":true,"showMaterialUpdate":false,"showSkybox":false,"showFlares":true,"showImageEffects":true,"showParticleSystems":true},"in2DMode":false,"pivot":{"x":3.198418617248535,"y":1.1178548336029053,"z":-2.8651998043060304},"rotation":{"x":0.0473611056804657,"y":-0.938886821269989,"z":0.14424200356006623,"w":0.309133917093277},"size":0.1504928469657898,"orthographic":false}