{"cameraMode":{"drawMode":0,"name":"Shaded","section":"Shading Mode"},"sceneLighting":false,"audioPlay":false,"sceneViewState":{"showFog":true,"showMaterialUpdate":false,"showSkybox":false,"showFlares":true,"showImageEffects":true,"showParticleSystems":true},"in2DMode":false,"pivot":{"x":-0.21058762073516847,"y":2.8458621501922609,"z":-82.32594299316406},"rotation":{"x":0.05391004681587219,"y":-0.437704473733902,"z":0.026268333196640016,"w":0.8972094655036926},"size":2.4494895935058595,"orthographic":false}