{"cameraMode":{"drawMode":0,"name":"Shaded","section":"Shading Mode"},"sceneLighting":false,"audioPlay":false,"sceneViewState":{"showFog":true,"showMaterialUpdate":false,"showSkybox":false,"showFlares":true,"showImageEffects":true,"showParticleSystems":true},"in2DMode":false,"pivot":{"x":3.3102755546569826,"y":1.1089227199554444,"z":-2.8598320484161379},"rotation":{"x":0.13324396312236787,"y":-0.4221300482749939,"z":0.06295707076787949,"w":0.8945432305335999},"size":0.018565893173217775,"orthographic":false}